<?xml version="1.0" encoding="ISO-8859-1"?>

<project name="Maven" xmlns="http://maven.apache.org/DECORATION/1.0.0" xmlns:xsi="http://www.w3.org/2001/XMLSchema-instance"
  xsi:schemaLocation="http://maven.apache.org/DECORATION/1.0.0 http://maven.apache.org/xsd/decoration-1.0.0.xsd">

  <body>
    <links>
      <item name="Link" href="http://webhost.company.com/"/>
    </links>
    <breadcrumbs>
      <item name="Breadcrumb" href="http://webhost.company.com/index.html"/>
    </breadcrumbs>

    <menu name="Documentation">
      <item name="Home" href="index.html"/>
      <item name="Menu" href="http://webhost.company.com/"/>
    </menu>
  </body>
</project>
