<?xml version="1.0" encoding="ISO-8859-1"?>
<project name="Parent Not As Ref Site">

  <body>

    <menu name="Inherited" inherit="top">
      <item name="Parent Relative Home Inherited" href="index.html" />
      <item name="Parent Relative Home Inherited with dot" href="./index.html" />
      <item name="Parent Absolute Home Inherited" href="http://example.com/" />
      <item name="Parent Absolute Home Inherited with index" href="http://example.com/index.html" />
    </menu>

    <menu name="Not Inherited">
      <item name="Parent Relative Home Local" href="index.html" />
      <item name="Parent Relative Home Local with dot" href="./index.html" />
      <item name="Parent Absolute Home Local" href="http://example.com/" />
      <item name="Parent Absolute Home Local with index" href="http://example.com/index.html" />
    </menu>

    <!-- default inheritAsRef = false -->
    <menu ref="parent" inherit="bottom" />
    <menu ref="modules" inherit="bottom" />
    <menu ref="reports" inherit="bottom" />

  </body>

</project>