<?xml version="1.0" encoding="ISO-8859-1"?>
<project name="Grand Child Not As Ref Site">

  <body>

    <menu name="Not Inherited">
      <item name="Grand Child Relative Home Local" href="index.html" />
      <item name="Grand Child Relative Home Local with dot" href="./index.html" />
      <item name="Grand Child Absolute Home Local" href="http://example.com/childNotAsRef/grandChildNotAsRef/" />
      <item name="Grand Child Absolute Home Local with index" href="http://example.com/childNotAsRef/grandChildNotAsRef/index.html" />
    </menu>

  </body>

</project>